ShoeA,ShoeB
1.86627,2.94139
0.91517,1.10976
1.69228,2.03125
1.69622,1.52309
2.25242,1.09297
1.65696,2.61542
1.70175,2.8052
